{"exact": 15.97918637653737, "f1": 69.9028662490682, "total": 10570, "HasAns_exact": 15.97918637653737, "HasAns_f1": 69.9028662490682, "HasAns_total": 10570}