{"exact": 36.7360454115421, "f1": 67.48802776516783, "total": 10570, "HasAns_exact": 36.7360454115421, "HasAns_f1": 67.48802776516783, "HasAns_total": 10570}