{"exact": 74.57899716177862, "f1": 83.75864241504456, "total": 10570, "HasAns_exact": 74.57899716177862, "HasAns_f1": 83.75864241504456, "HasAns_total": 10570}