{"exact": 78.72280037842951, "f1": 88.13258314250899, "total": 10570, "HasAns_exact": 78.72280037842951, "HasAns_f1": 88.13258314250899, "HasAns_total": 10570}