{"exact": 52.980132450331126, "f1": 63.96225850722903, "total": 10570, "HasAns_exact": 52.980132450331126, "HasAns_f1": 63.96225850722903, "HasAns_total": 10570}