{"exact": 80.95553453169347, "f1": 89.12254618850316, "total": 10570, "HasAns_exact": 80.95553453169347, "HasAns_f1": 89.12254618850316, "HasAns_total": 10570}