{"exact": 80.09460737937559, "f1": 87.98137537272403, "total": 10570, "HasAns_exact": 80.09460737937559, "HasAns_f1": 87.98137537272403, "HasAns_total": 10570}