{"exact": 81.40018921475875, "f1": 89.40196924902402, "total": 10570, "HasAns_exact": 81.40018921475875, "HasAns_f1": 89.40196924902402, "HasAns_total": 10570}