{"exact": 78.37275307473983, "f1": 86.82617101829437, "total": 10570, "HasAns_exact": 78.37275307473983, "HasAns_f1": 86.82617101829437, "HasAns_total": 10570}