{"exact": 80.93661305581836, "f1": 89.09839322371333, "total": 10570, "HasAns_exact": 80.93661305581836, "HasAns_f1": 89.09839322371333, "HasAns_total": 10570}