{"exact": 79.78240302743615, "f1": 87.78308840190083, "total": 10570, "HasAns_exact": 79.78240302743615, "HasAns_f1": 87.78308840190083, "HasAns_total": 10570}